新聞標題,新聞連結,新聞來源,新聞內容摘要,實體(人名/團體),是否為演唱會
暗黑界女優現身台灣拍片！她加碼曝驚人1計畫,https://tw.news.yahoo.com/%E6%9A%97%E9%BB%91%E7%95%8C%E5%A5%B3%E5%84%AA%E7%8F%BE%E8%BA%AB%E5%8F%B0%E7%81%A3%E6%8B%8D%E7%89%87-%E5%A5%B9%E5%8A%A0%E7%A2%BC%E6%9B%9D%E9%A9%9A%E4%BA%BA1%E8%A8%88%E7%95%AB-011401547.html,民視,NULL,,True
被問孫安佐泰國脫序　狄鶯突開直播「怒下通牒」：再X就不是我兒,https://tw.news.yahoo.com/%E8%A2%AB%E5%95%8F%E5%AD%AB%E5%AE%89%E4%BD%90%E6%B3%B0%E5%9C%8B%E8%84%AB%E5%BA%8F-%E7%8B%84%E9%B6%AF%E7%AA%81%E9%96%8B%E7%9B%B4%E6%92%AD-%E6%80%92%E4%B8%8B%E9%80%9A%E7%89%92-%E5%86%8Dx%E5%B0%B1%E4%B8%8D%E6%98%AF%E6%88%91%E5%85%92-011300997.html,三立新聞網 setn.com,孫安佐休養期間收入微薄，與圈外女友關係穩定，但母親狄鶯卻因不滿他過往在泰國吸食大麻事件，在直播中激動表示若再犯將斷絕母子關係。新聞同時提及其他藝人新聞，如張善為、麻豆傳媒、柯震東。,"孫安佐,狄鶯,孫鵬,田曦薇,張善為,柯震東,舒華",False
別擔心我亂交男友！何如芸離婚3年半聲聲叮嚀兒,https://tw.news.yahoo.com/%E5%88%A5%E6%93%94%E5%BF%83%E6%88%91%E4%BA%82%E4%BA%A4%E7%94%B7%E5%8F%8B-%E4%BD%95%E5%A6%82%E8%8A%B8%E9%9B%A2%E5%A9%9A3%E5%B9%B4%E5%8D%8A%E8%81%B2%E8%81%B2%E5%8F%AE%E5%9A%80%E5%85%92-011031479.html,自由時報,藝人何如芸與前夫王敏錡離婚後，專注於舞台劇演出。儘管兩個兒子在新加坡求學，她與孩子們的關係依然親密。大兒子觀看她的舞台劇並給予肯定，何如芸也感謝孩子們的陪伴，並開玩笑地表示不用擔心她交男朋友。,"何如芸,王敏錡,福原愛,鄭嘉睿",True
《依然閃亮》結局挨轟！「備受期待卻不如預期」韓劇：申惠善《致我的解離》一面倒負評,https://tw.news.yahoo.com/%E3%80%8A%E4%BE%9D%E7%84%B6%E9%96%83%E4%BA%AE%E3%80%8B%E7%B5%90%E5%B1%80%E6%8C%A8%E8%BD%9F%EF%BC%81%E3%80%8C%E5%82%99%E5%8F%97%E6%9C%9F%E5%BE%85%E5%8D%BB%E4%B8%8D%E5%A6%82%E9%A0%90%E6%9C%9F%E3%80%8D%E9%9F%93%E5%8A%87%EF%BC%9A%E7%94%B3%E6%83%A0%E5%96%84%E3%80%8A%E8%87%B4%E6%88%91%E7%9A%84%E8%A7%A3%E9%9B%A2%E3%80%8B%E4%B8%80%E9%9D%A2%E5%80%92%E8%B2%A0%E8%A9%95-010028697.html,Beauty美人圈,韓劇《依然閃亮》結局引發觀眾不滿，認為劇情草率、人設崩壞，與劇名不符。除了《依然閃亮》外，《致我的解離》、《問問星星吧》、《今天開始是人類》等劇也因劇情或人設問題受到批評，被認為浪費了演員的演技。觀眾普遍對劇情發展感到失望，並戲稱《依然閃亮》應改名為「依然致鬱」。,"朴珍榮,金玟周,申惠善,李敏鎬,金惠奫,羅門",True
35歲女星挺36周孕肚雨中跑馬拉松　「地表最強孕婦」震驚網友！吐露產前心聲嗆酸民：人生是累積,https://tw.news.yahoo.com/35%E6%AD%B2%E5%A5%B3%E6%98%9F%E6%8C%BA36%E5%91%A8%E5%AD%95%E8%82%9A%E9%9B%A8%E4%B8%AD%E8%B7%91%E9%A6%AC%E6%8B%89%E6%9D%BE-%E5%9C%B0%E8%A1%A8%E6%9C%80%E5%BC%B7%E5%AD%95%E5%A9%A6-%E9%9C%87%E9%A9%9A%E7%B6%B2%E5%8F%8B-%E5%90%90%E9%9C%B2%E7%94%A2%E5%89%8D%E5%BF%83%E8%81%B2%E5%97%86%E9%85%B8%E6%B0%91-%E4%BA%BA%E7%94%9F%E6%98%AF%E7%B4%AF%E7%A9%8D-005000556.html,鏡報,女星黃沐妍懷孕36周仍堅持運動，甚至在雨中跑步，引發網友討論。她對質疑聲浪回應，強調每個孕婦狀況不同，並鼓勵孕婦相信醫學與科學。她也分享了對即將生產的心情，表達期待與興奮，並呼籲用鼓勵取代責備。,"黃沐妍,Norman,鍾麗緹,王俐人,饅頭媽",False
女團爭C位暗中較勁內幕曝光！TPE48喊「8人8色」火藥味飆升,https://tw.news.yahoo.com/%E5%A5%B3%E5%9C%98%E7%88%ADc%E4%BD%8D%E6%9A%97%E4%B8%AD%E8%BC%83%E5%8B%81%E5%85%A7%E5%B9%95%E6%9B%9D%E5%85%89-tpe48%E5%96%8A-8%E4%BA%BA8%E8%89%B2-%E7%81%AB%E8%97%A5%E5%91%B3%E9%A3%86%E5%8D%87-004700546.html,鏡報,國民女團TPE48近期單曲銷量突破萬張，並舉辦分期接力形式的「期別 Fan Meeting」。成員展現出佛系競爭態度，強調期與期之間的感情，同時也對舞台表現抱持高度重視。各期主題名稱創意十足，成員在課業與行程壓力下仍全力備戰，呈現真實狀態迎接舞台考驗。,"TPE48,蔡伊柔,伊品,張少瞳,胡詠晴,許淳媛,楊亞芸,蕭煌奇",True
KIMIKO好暖！ 17年前開始提醒女生這些事,https://tw.news.yahoo.com/kimiko%E5%A5%BD%E6%9A%96-17%E5%B9%B4%E5%89%8D%E9%96%8B%E5%A7%8B%E6%8F%90%E9%86%92%E5%A5%B3%E7%94%9F%E9%80%99%E4%BA%9B%E4%BA%8B-004628882.html,自由時報,舞蹈名師KIMIKO（林睿君）在臉書分享，提醒女性朋友們不要過度關注體重，更應注重體態和狀態。她觀察到許多40歲以上的女性，即使體重未變，也可能因為姿勢不良、生活習慣等因素而顯得臃腫、沒精神。KIMIKO強調，調整姿勢、使用順序和日常習慣，比單純減重更重要，體態會直接影響氣色和狀態。,"KIMIKO, 林睿君, 福原愛, 鄭嘉睿",False
福原愛悄悄生了！產後首露面狀況超好　親自報喜曝三寶性別,https://tw.news.yahoo.com/%E7%A6%8F%E5%8E%9F%E6%84%9B%E6%82%84%E6%82%84%E7%94%9F%E4%BA%86-%E7%94%A2%E5%BE%8C%E9%A6%96%E9%9C%B2%E9%9D%A2%E7%8B%80%E6%B3%81%E8%B6%85%E5%A5%BD-%E8%A6%AA%E8%87%AA%E5%A0%B1%E5%96%9C%E6%9B%9D%E4%B8%89%E5%AF%B6%E6%80%A7%E5%88%A5-004121452.html,太報,日本前桌球國手福原愛與橫濱男再婚並已懷孕的消息公開後，近日宣布三寶已平安出生。她產後氣色良好，並表示將繼續透過桌球運動為社會做出貢獻。日媒也曝光她產後近況，她剪了短髮，看起來精神煥發。,"福原愛,江宏傑,古賀紗理那,Jisoo",True
福原愛第三胎生了！　產後「俐落短髮」近照曝光,https://tw.news.yahoo.com/%E7%A6%8F%E5%8E%9F%E6%84%9B%E7%AC%AC%E4%B8%89%E8%83%8E%E7%94%9F%E4%BA%86-%E7%94%A2%E5%BE%8C-%E4%BF%90%E8%90%BD%E7%9F%AD%E9%AB%AE-%E8%BF%91%E7%85%A7%E6%9B%9D%E5%85%89-003200603.html,鏡週刊Mirror Media,日本桌球國手福原愛與「橫濱男」再婚後順利產下第三胎，這是她與「橫濱男」婚後的第一個孩子。產後她首次公開露面，並將長髮剪成俐落短髮，在東京體育展活動上與前日本女排國手古賀紗理那合影，展現知性專業形象。她已將生活重心移回日本。,"福原愛,江宏傑,古賀紗理那",False
福原愛低調生了！產後首露面「耳下激短髮」現身,https://tw.news.yahoo.com/%E7%A6%8F%E5%8E%9F%E6%84%9B%E4%BD%8E%E8%AA%BF%E7%94%9F%E4%BA%86-%E7%94%A2%E5%BE%8C%E9%A6%96%E9%9C%B2%E9%9D%A2-%E8%80%B3%E4%B8%8B%E6%BF%80%E7%9F%AD%E9%AB%AE-%E7%8F%BE%E8%BA%AB-003131968.html,民視,日本桌球國手福原愛與「橫濱男」再婚後，已順利產下第3胎，正式升格三寶媽。產後首度露面時，她剪去長髮，以俏麗短髮示人，狀態極佳。日媒感性祝福她與現任丈夫的幸福生活，並為她送上溫暖祝福。,"福原愛,江宏傑,古賀紗理那",True
娛樂透視／紀錄片、專書、演唱會齊發　活化藍寶石IP尋回秀場輝煌,https://tw.news.yahoo.com/%E5%A8%9B%E6%A8%82%E9%80%8F%E8%A6%96-%E7%B4%80%E9%8C%84%E7%89%87-%E5%B0%88%E6%9B%B8-%E6%BC%94%E5%94%B1%E6%9C%83%E9%BD%8A%E7%99%BC-%E6%B4%BB%E5%8C%96%E8%97%8D%E5%AF%B6%E7%9F%B3ip%E5%B0%8B%E5%9B%9E%E7%A7%80%E5%A0%B4%E8%BC%9D%E7%85%8C-003059854.html,鏡週刊Mirror Media,高雄流行音樂中心為慶祝成立5週年，推出「藍寶石三連發計畫」，包含紀錄片《高雄有顆藍寶石》。紀錄片透過訪談資深藝人如余天、黃西田等，並利用AI技術重現豬哥亮的聲音，回顧藍寶石歌廳的輝煌時代，並記錄相關藝人的故事。,"余天,黃西田,康弘,澎澎,豬哥亮,丁度嵐,史哲,文溫德斯,楊力州,邱祖胤,謝順福,林沖",True
副總統蕭美琴好年輕！ 486先生驚喜同框,https://tw.news.yahoo.com/%E5%89%AF%E7%B8%BD%E7%B5%B1%E8%95%AD%E7%BE%8E%E7%90%B4%E5%A5%BD%E5%B9%B4%E8%BC%95-486%E5%85%88%E7%94%9F%E9%A9%9A%E5%96%9C%E5%90%8C%E6%A1%86-003051127.html,自由時報,電商名人「486先生」曬出與副總統蕭美琴的舊照，引發網友讚賞蕭美琴年輕。486先生也分享創業經驗，建議創業資金配置30%啟動、70%備援，並提醒創業失敗率高，不宜借貸投入。,"蕭美琴,486先生,福原愛,鄭嘉睿",False
激戰皮影戲！情侶開房忘檢查窗簾　路人圍觀「人體連結」直播秀,https://tw.news.yahoo.com/%E6%BF%80%E6%88%B0%E7%9A%AE%E5%BD%B1%E6%88%B2-%E6%83%85%E4%BE%B6%E9%96%8B%E6%88%BF%E5%BF%98%E6%AA%A2%E6%9F%A5%E7%AA%97%E7%B0%BE-%E8%B7%AF%E4%BA%BA%E5%9C%8D%E8%A7%80-%E4%BA%BA%E9%AB%94%E9%80%A3%E7%B5%90-%E7%9B%B4%E6%92%AD%E7%A7%80-002958658.html,鏡週刊Mirror Media,中國發生多起飯店「活春宮」事件，近日一對情侶因飯店窗簾透光率過高，親密舉動被路人目擊，影片在網路流傳引發討論。2024年遼寧海城希爾頓飯店也曾發生類似事件，女主角事後提告傳播影片的網友。提醒民眾散布他人性私密影像可能觸犯法律。,海底撈,False
福原愛生下與橫濱男「愛的結晶」　產後首露面短髮造型曝,https://tw.news.yahoo.com/%E7%A6%8F%E5%8E%9F%E6%84%9B%E7%94%9F%E4%B8%8B%E8%88%87%E6%A9%AB%E6%BF%B1%E7%94%B7-%E6%84%9B%E7%9A%84%E7%B5%90%E6%99%B6-%E7%94%A2%E5%BE%8C%E9%A6%96%E9%9C%B2%E9%9D%A2%E7%9F%AD%E9%AB%AE%E9%80%A0%E5%9E%8B%E6%9B%9D-001424916.html,中天新聞網,日本前桌球國手福原愛順利產下第三胎，並與緋聞對象橫濱男A先生修成正果。產後她剪短頭髮，形象煥然一新。福原愛也透露未來想攻讀研究所，學習運動管理，並希望藉由自身經驗回饋乒乓球界。,"福原愛,江宏傑,古賀紗理那,周深,范丞丞,曹格,吳淡如",False
8點檔男星「深情擁抱」竟起生理反應！尷尬認無法控制　曾智希幫擦掉霸氣喊：可以盡情流,https://tw.news.yahoo.com/8%E9%BB%9E%E6%AA%94%E7%94%B7%E6%98%9F-%E6%B7%B1%E6%83%85%E6%93%81%E6%8A%B1-%E7%AB%9F%E8%B5%B7%E7%94%9F%E7%90%86%E5%8F%8D%E6%87%89-%E5%B0%B7%E5%B0%AC%E8%AA%8D%E7%84%A1%E6%B3%95%E6%8E%A7%E5%88%B6-%E6%9B%BE%E6%99%BA%E5%B8%8C%E5%B9%AB%E6%93%A6%E6%8E%89%E9%9C%B8%E6%B0%A3%E5%96%8A-000500997.html,鏡報,民視8點檔《豆腐媽媽》演員曾子益與曾智希受邀上節目《娛樂超skr》，互爆彼此的趣事與小癖好，展現兩人戲外的親密互動。兩人互相虧彼此有「公主病」，並分享了許多有趣的幕後花絮，最後也向對方表達了真誠的祝福與鼓勵。,"曾子益,曾智希",True
鏡爆頭條／柯媽媽盛讚好家教　舒華、柯震東祕戀中,https://tw.news.yahoo.com/%E9%8F%A1%E7%88%86%E9%A0%AD%E6%A2%9D-%E6%9F%AF%E5%AA%BD%E5%AA%BD%E7%9B%9B%E8%AE%9A%E5%A5%BD%E5%AE%B6%E6%95%99-%E8%88%92%E8%8F%AF-%E6%9F%AF%E9%9C%87%E6%9D%B1%E7%A5%95%E6%88%80%E4%B8%AD-235859727.html,鏡週刊Mirror Media,韓團i-dle成員舒華與柯震東的戀情傳聞已一年半，從最初的聚會同框到社群互動，如今據悉已穩定交往並見過雙方家長，尤其柯震東父母對舒華讚譽有加。儘管女方經紀公司曾否認，但舒華頻繁返台發展，加上柯震東母親的言論，都顯示兩人關係已升溫。,"舒華,柯震東,i-dle,陶晶瑩,李李仁,賈靜雯,楊銘威,阮鳳儀",True
【專訪】不再憤怒之後　因反送中入獄的他在牢裡學著活下去,https://tw.news.yahoo.com/%E5%B0%88%E8%A8%AA-%E4%B8%8D%E5%86%8D%E6%86%A4%E6%80%92%E4%B9%8B%E5%BE%8C-%E5%9B%A0%E5%8F%8D%E9%80%81%E4%B8%AD%E5%85%A5%E7%8D%84%E7%9A%84%E4%BB%96%E5%9C%A8%E7%89%A2%E8%A3%A1%E5%AD%B8%E8%91%97%E6%B4%BB%E4%B8%8B%E5%8E%BB-235000921.html,太報,香港大學生J因參與2019年反送中運動被判入獄兩年。獄中他透過寫作抒發情感，閱讀各類書籍，並逐漸放下對政府的憤怒，專注於在監獄中度過每一天。他將監獄視為被迫成長的過程，並從文學作品中獲得平靜。,"J,孟子,歌德,夏目漱石,亦舒,劉以鬯,余華,福貴",False
（專訪）夏和熙拍BL挑戰極限「蕁麻疹纏身」 楊翹碩親密戲零防護「腳一開GG就掉出來」,https://tw.news.yahoo.com/%E5%B0%88%E8%A8%AA-%E5%A4%8F%E5%92%8C%E7%86%99%E6%8B%8Dbl%E6%8C%91%E6%88%B0%E6%A5%B5%E9%99%90-%E8%95%81%E9%BA%BB%E7%96%B9%E7%BA%8F%E8%BA%AB-%E6%A5%8A%E7%BF%B9%E7%A2%A9%E8%A6%AA%E5%AF%86%E6%88%B2%E9%9B%B6%E9%98%B2%E8%AD%B7-%E8%85%B3-232808091.html,自由時報,BL劇《我說愛你是真的》演員夏和熙、楊翹碩接受專訪，透露兩人戲外年齡差及相處模式。夏和熙形容楊翹碩反應慢、步調慢，兩人個性差異大。楊翹碩則分享過去的「火爆」性格，以及因一次打架骨折後改變人生的經歷。劇中尺度較大，夏和熙表示不會與家人一同觀看。,"夏和熙,楊翹碩,李紹綾,陳偉殷",True
就愛台灣這一味！ 日大胃王Angela佐藤飛機上全吃光,https://tw.news.yahoo.com/%E5%B0%B1%E6%84%9B%E5%8F%B0%E7%81%A3%E9%80%99-%E5%91%B3-%E6%97%A5%E5%A4%A7%E8%83%83%E7%8E%8Bangela%E4%BD%90%E8%97%A4%E9%A3%9B%E6%A9%9F%E4%B8%8A%E5%85%A8%E5%90%83%E5%85%89-232125448.html,自由時報,日本大胃王 Angela 佐藤日前來台品嚐美食，平安返回日本。她在飛機上持續進食，因此被機場檢疫犬鎖定。她曬出在飛機上購買的超商御飯糰戰利品，並在下飛機前吃下十多個，展現其大胃王本色，讓台灣粉絲驚喜。,"Angela佐藤,佐藤綾里,鄭嘉睿,福原愛",False
匹克球台中市長盃開打 玖壹壹洋蔥、健志現身助陣,https://tw.news.yahoo.com/%E5%8C%B9%E5%85%8B%E7%90%83%E5%8F%B0%E4%B8%AD%E5%B8%82%E9%95%B7%E7%9B%83%E9%96%8B%E6%89%93-%E7%8E%96%E5%A3%B9%E5%A3%B9%E6%B4%8B%E8%94%A5-%E5%81%A5%E5%BF%97%E7%8F%BE%E8%BA%AB%E5%8A%A9%E9%99%A3-230910594.html,自由時報,台中市長盃匹克球賽今日熱鬧登場，吸引全國約400名選手參賽。玖壹壹成員洋蔥受聘為中華民國匹克球協會副理事長，希望藉由藝人影響力推廣匹克球運動。台中市積極推廣匹克球，已建置近40面球場，並將匹克球納入全市運動會項目。,"蘇孟娟,玖壹壹,洋蔥,健志,陳皓宇,中華民國匹克球協會,台中市運動局,台中市匹克球協會,鄭嘉睿,福原愛",False
江宏傑知道嗎？福原愛親自報喜生了 與橫濱男愛的結晶性別揭曉,https://tw.news.yahoo.com/%E6%B1%9F%E5%AE%8F%E5%82%91%E7%9F%A5%E9%81%93%E5%97%8E-%E7%A6%8F%E5%8E%9F%E6%84%9B%E8%A6%AA%E8%87%AA%E5%A0%B1%E5%96%9C%E7%94%9F%E4%BA%86-%E8%88%87%E6%A9%AB%E6%BF%B1%E7%94%B7%E6%84%9B%E7%9A%84%E7%B5%90%E6%99%B6%E6%80%A7%E5%88%A5%E6%8F%AD%E6%9B%89-230749999.html,自由時報,福原愛與現任丈夫生下兒子，已平安生產並恢復調養。她透過公司官網宣布喜訊，並表示生活幸福美滿。福原愛產後首次公開露面，並以新短髮造型亮相，表示將繼續透過桌球運動為社會貢獻。,"福原愛,江宏傑,古賀紗理那,大谷翔平,鄭嘉睿",False
「鈕鈷祿貞秀」上談話節目 身穿名牌成焦點,https://tw.news.yahoo.com/%E9%88%95%E9%88%B7%E7%A5%BF%E8%B2%9E%E7%A7%80-%E4%B8%8A%E8%AB%87%E8%A9%B1%E7%AF%80%E7%9B%AE-%E8%BA%AB%E7%A9%BF%E5%90%8D%E7%89%8C%E6%88%90%E7%84%A6%E9%BB%9E-230549047.html,自由時報,民眾黨立委李貞秀近期爭議不斷，除了爆料新竹市長高虹安與柯文哲的金錢關係，也被指控為高虹安助理費案的吹哨者。李貞秀證實曾有意參選竹北市長但遭高虹安阻攔，並自比《甄嬛傳》的甄嬛。節目主持人許仲江對民眾黨處理李貞秀事件的手法表示不滿，引發名嘴黃益中等人的關注。,"李貞秀,柯文哲,高虹安,林冠年,許仲江,黃益中,于北辰,陳智菡,鄭嘉睿,福原愛",False
梅莉史翠普親揭《穿著Prada的惡魔》拍攝祕辛：各大名牌不敢借衣服！「米蘭達」靈感來源竟是這2位好萊塢大咖！,https://tw.news.yahoo.com/%E6%A2%85%E8%8E%89%E5%8F%B2%E7%BF%A0%E6%99%AE%E8%A6%AA%E6%8F%AD%E3%80%8A%E7%A9%BF%E8%91%97prada%E7%9A%84%E6%83%A1%E9%AD%94%E3%80%8B%E6%8B%8D%E6%94%9D%E7%A5%95%E8%BE%9B%EF%BC%9A%E5%90%84%E5%A4%A7%E5%90%8D%E7%89%8C%E4%B8%8D%E6%95%A2%E5%80%9F%E8%A1%A3%E6%9C%8D%EF%BC%81%E3%80%8C%E7%B1%B3%E8%98%AD%E9%81%94%E3%80%8D%E9%9D%88%E6%84%9F%E4%BE%86%E6%BA%90%E7%AB%9F%E6%98%AF%E9%80%992%E4%BD%8D%E5%A5%BD%E8%90%8A%E5%A1%A2%E5%A4%A7%E5%92%96%EF%BC%81-230023712.html,Yahoo電影戲劇編輯部,時尚電影《穿著Prada的惡魔》續集即將上映，梅莉史翠普透露米蘭達的角色原型並非美國《Vogue》總編輯安娜溫圖，而是來自於好萊塢導演麥克尼可斯和克林伊斯威特。當年因外界認定角色原型是安娜溫圖，導致劇組借服裝遇到困難。安娜溫圖也對續集表示信任。,"梅莉史翠普, 安娜溫圖, 麥克尼可斯, 克林伊斯威特",True
性幻想對象是李亞萍？海產爆料「余祥銓出賣母親」內幕　潘若迪語重心長勸：交朋友多重要,https://tw.news.yahoo.com/%E6%80%A7%E5%B9%BB%E6%83%B3%E5%B0%8D%E8%B1%A1%E6%98%AF%E6%9D%8E%E4%BA%9E%E8%90%8D-%E6%B5%B7%E7%94%A2%E7%88%86%E6%96%99-%E4%BD%99%E7%A5%A5%E9%8A%93%E5%87%BA%E8%B3%A3%E6%AF%8D%E8%A6%AA-%E5%85%A7%E5%B9%95-%E6%BD%98%E8%8B%A5%E8%BF%AA%E8%AA%9E%E9%87%8D%E5%BF%83%E9%95%B7%E5%8B%B8-230000298.html,鏡報,藝人海產在節目上爆料，余祥銓為了綜藝效果，竟建議海產在節目上稱其母李亞萍為「性幻想對象」。此舉讓現場來賓和潘若迪驚呼，李亞萍也幽默回嗆。事件引發網友討論，余祥銓則尷尬否認。,"海產,余祥銓,李亞萍,潘若迪,Jisoo,D4vd,妮妮,Kim",True
那對夫妻妮妮「校園性騷擾事件成立」！　Kim激動感嘆：孩子的求救，我們有接住,https://tw.news.yahoo.com/%E9%82%A3%E5%B0%8D%E5%A4%AB%E5%A6%BB%E5%A6%AE%E5%A6%AE-%E6%A0%A1%E5%9C%92%E6%80%A7%E9%A8%B7%E6%93%BE%E4%BA%8B%E4%BB%B6%E6%88%90%E7%AB%8B-kim%E6%BF%80%E5%8B%95%E6%84%9F%E5%98%86-%E5%AD%A9%E5%AD%90%E7%9A%84%E6%B1%82%E6%95%91-%E6%88%91%E5%80%91%E6%9C%89%E6%8E%A5%E4%BD%8F-230000939.html,鏡報,網紅夫妻「那對夫妻」的爸爸 Kim 公布女兒妮妮校園性別事件調查結果，學校性平會認定「校園性騷擾事件成立」，涉案不只一人。Kim 強調孩子說的是實話，並鼓勵遭遇類似困境的家長不要放棄。他表示目前未收到道歉，但更在意的是孩子的聲音被看見，並將在未來更完整地說明事件細節。,"Kim,京燁,妮妮,那對夫妻,鏡報,勵馨基金會",False
55歲性感女神鍾麗緹認了想再生四寶　小12歲老公吐露真實原因：要靠科技干預！不排斥收養小孩,https://tw.news.yahoo.com/55%E6%AD%B2%E6%80%A7%E6%84%9F%E5%A5%B3%E7%A5%9E%E9%8D%BE%E9%BA%97%E7%B7%B9%E8%AA%8D%E4%BA%86%E6%83%B3%E5%86%8D%E7%94%9F%E5%9B%9B%E5%AF%B6-%E5%B0%8F12%E6%AD%B2%E8%80%81%E5%85%AC%E5%90%90%E9%9C%B2%E7%9C%9F%E5%AF%A6%E5%8E%9F%E5%9B%A0-%E8%A6%81%E9%9D%A0%E7%A7%91%E6%8A%80%E5%B9%B2%E9%A0%90-%E4%B8%8D%E6%8E%92%E6%96%A5%E6%94%B6%E9%A4%8A%E5%B0%8F%E5%AD%A9-225000415.html,鏡報,55歲鍾麗緹與33歲張倫碩結婚後，仍希望有共同的孩子，不排除高齡生育或收養。張倫碩表示，孩子能增加家庭的凝聚力，但強調要在準備好的情況下。兩人雖以「順其自然」為原則，但已開始考慮相關科技手段。,"鍾麗緹,張倫碩,王俐人,比利,77歲古典美人,9旬翁",False
ㄅ級分評評理／李多慧就哈這根台妹魂　柯震東資深屁孩虛累累,https://tw.news.yahoo.com/%E7%B4%9A%E5%88%86%E8%A9%95%E8%A9%95%E7%90%86-%E6%9D%8E%E5%A4%9A%E6%85%A7%E5%B0%B1%E5%93%88%E9%80%99%E6%A0%B9%E5%8F%B0%E5%A6%B9%E9%AD%82-%E6%9F%AF%E9%9C%87%E6%9D%B1%E8%B3%87%E6%B7%B1%E5%B1%81%E5%AD%A9%E8%99%9B%E7%B4%AF%E7%B4%AF-223000161.html,鏡週刊Mirror Media,韓籍啦啦隊女神李多慧在台發展順利，IG追蹤人數破200萬，並拒絕韓國球團高薪挖角，表達對台灣工作的喜愛。演員柯震東在新戲中拍攝武打戲，意外撞傷郭子乾，並透露因此獲得休息時間。,"李多慧,柯震東,郭子乾,小S,張凌赫,許光漢,馮德倫,游鴻明",False
ㄅ級分評評理／Jocelyn 9.4.0金價腰瘦00後　林倪安照騙集團修修臉,https://tw.news.yahoo.com/%E7%B4%9A%E5%88%86%E8%A9%95%E8%A9%95%E7%90%86-jocelyn-9-4-0%E9%87%91%E5%83%B9%E8%85%B0%E7%98%A600%E5%BE%8C-223000917.html,鏡週刊Mirror Media,新聞內容涉及多起話題：00後職場現象、歌手Jocelyn推出新專輯並設定金曲歌后目標，以及辣模林倪安公開指控前男友朱宇謀（Wish）的私生活不檢點。新聞中帶有較多網路用語和評論。,"Jocelyn,林倪安,朱宇謀,Wish,梁靜茹,許聖梅,小S,張凌赫,許光漢,李多慧,柯震東",False
康康太座知道嗎？結婚15年公開把妹　自薦理想型「我太早結婚了」,https://tw.news.yahoo.com/%E5%BA%B7%E5%BA%B7%E5%A4%AA%E5%BA%A7%E7%9F%A5%E9%81%93%E5%97%8E-%E7%B5%90%E5%A9%9A15%E5%B9%B4%E5%85%AC%E9%96%8B%E6%8A%8A%E5%A6%B9-%E8%87%AA%E8%96%A6%E7%90%86%E6%83%B3%E5%9E%8B-%E6%88%91%E5%A4%AA%E6%97%A9%E7%B5%90%E5%A9%9A%E4%BA%86-223000274.html,鏡報,台語歌手陳怡婷在台北國際會議中心舉辦兩天演唱會，邀請蕭煌奇和康康站台助陣。康康以幽默言論炒熱氣氛，並與陳怡婷互動，自嘲追求陳怡婷。陳怡婷在演唱會上向母親告白，獻唱感謝歌曲，並以新單曲〈一路上的愛呀〉作結，場面溫馨感人。,"陳怡婷,蕭煌奇,康康,羅志祥",True
丁噹苦練台語揭心聲！19年前離家出走陷低潮　「不服輸」人生故事曝光,https://tw.news.yahoo.com/%E4%B8%81%E5%99%B9%E8%8B%A6%E7%B7%B4%E5%8F%B0%E8%AA%9E%E6%8F%AD%E5%BF%83%E8%81%B2-19%E5%B9%B4%E5%89%8D%E9%9B%A2%E5%AE%B6%E5%87%BA%E8%B5%B0%E9%99%B7%E4%BD%8E%E6%BD%AE-%E4%B8%8D%E6%9C%8D%E8%BC%B8-%E4%BA%BA%E7%94%9F%E6%95%85%E4%BA%8B%E6%9B%9D%E5%85%89-222000494.html,鏡報,丁噹「夜遊 A Night Tour」演唱會18日在高雄巨蛋舉行，她特別演唱多首台語歌曲，並重新詮釋〈愛拼才會贏〉，分享出道19年來的歷程。蕭景鴻驚喜擔任嘉賓，兩人合唱〈可以是朋友〉，並補慶丁噹44歲生日。演唱會氣氛熱烈，丁噹也期盼巡演能前往更多城市。,"丁噹,蕭景鴻,阿弟",True
陳怡婷忍痛切除13顆肌瘤！醫生都嚇到了　重返舞台合體兩位超大咖天王,https://tw.news.yahoo.com/%E9%99%B3%E6%80%A1%E5%A9%B7%E5%BF%8D%E7%97%9B%E5%88%87%E9%99%A413%E9%A1%86%E8%82%8C%E7%98%A4-%E9%86%AB%E7%94%9F%E9%83%BD%E5%9A%87%E5%88%B0%E4%BA%86-%E9%87%8D%E8%BF%94%E8%88%9E%E5%8F%B0%E5%90%88%E9%AB%94%E5%85%A9%E4%BD%8D%E8%B6%85%E5%A4%A7%E5%92%96%E5%A4%A9%E7%8E%8B-220500633.html,三立新聞網 setn.com,歌手陳怡婷在子宮肌瘤手術後重返舞台，於台北國際會議中心舉辦演唱會。她透露手術切除13顆肌瘤，與蕭煌奇、康康同台演出。演唱會門票全數售罄，陳怡婷藉此表達對生命的感悟與對母親的感謝。,"陳怡婷,蕭煌奇,康康,馬傑森,羅志祥,吳宗憲,陳隨意,謝宜君,ØZI,瘦子,吳卓源",True
跨性別降齡詮釋14歲少年犯　26歲女星「變臉」式演技超震撼！文武雙全7歲就被驗證是資優生,https://tw.news.yahoo.com/%E8%B7%A8%E6%80%A7%E5%88%A5%E9%99%8D%E9%BD%A1%E8%A9%AE%E9%87%8B14%E6%AD%B2%E5%B0%91%E5%B9%B4%E7%8A%AF-26%E6%AD%B2%E5%A5%B3%E6%98%9F-%E8%AE%8A%E8%87%89-%E5%BC%8F%E6%BC%94%E6%8A%80%E8%B6%85%E9%9C%87%E6%92%BC-%E6%96%87%E6%AD%A6%E9%9B%99%E5%85%A87%E6%AD%B2%E5%B0%B1%E8%A2%AB%E9%A9%97%E8%AD%89%E6%98%AF%E8%B3%87%E5%84%AA%E7%94%9F-220500281.html,鏡報,香港女演員劉倬昕因在《正義女神》中跨性別飾演少年犯而受到關注。她不僅演技出色，學歷背景也相當亮眼，擁有香港大學犯罪學碩士學位，且在運動方面也表現優異。劇中她與陳煒的母子互動受到稱讚，而陳煒也透露拍攝期間專注於背劇本和研究角色。,"劉倬昕,佘詩曼,陳煒",True
〈中華副刊〉華副豐厚了 生命中的歌聲,https://tw.news.yahoo.com/%E4%B8%AD%E8%8F%AF%E5%89%AF%E5%88%8A-%E8%8F%AF%E5%89%AF%E8%B1%90%E5%8E%9A%E4%BA%86-%E7%94%9F%E5%91%BD%E4%B8%AD%E7%9A%84%E6%AD%8C%E8%81%B2-220035069.html,中華日報,作者回憶與中華日報及華副主編洪醒夫的淵源。洪醒夫的鼓勵啟發作者創作《林邊手記》，並持續書寫，即使洪醒夫不幸去世，作者仍信守承諾。文章也提及林剪雲投稿華副的趣事，以及主編在副刊中的重要作用。,"邵僩,洪醒夫,宋澤萊,鍾肇政,林剪雲,蔡文甫",True
星談心／曾薀帆走出遭背叛陰霾　信任另一半：老天爺不會欺負我,https://tw.news.yahoo.com/%E6%98%9F%E8%AB%87%E5%BF%83-%E6%9B%BE%E8%96%80%E5%B8%86%E8%B5%B0%E5%87%BA%E9%81%AD%E8%83%8C%E5%8F%9B%E9%99%B0%E9%9C%BE-%E4%BF%A1%E4%BB%BB%E5%8F%A6-%E5%8D%8A-%E8%80%81%E5%A4%A9%E7%88%BA%E4%B8%8D%E6%9C%83%E6%AC%BA%E8%B2%A0%E6%88%91-220000500.html,CTWANT,26歲的曾薀帆分享過往感情受挫，前男友與閨蜜交往，但她仍抱持信任態度。她近期推出新歌，表達無畏精神，並分享了理想型與對身材變化的看法。曾薀帆也談到女團G.O.F暫停活動，以及她對演藝事業的熱愛。,"曾薀帆,吳霏,艾薇,G.O.F,邱以太,何曼希",False
東森深度週報／門檻低但要紅很難 網紅生死鬥生存不容易,https://tw.news.yahoo.com/%E6%9D%B1%E6%A3%AE%E6%B7%B1%E5%BA%A6%E9%80%B1%E5%A0%B1-%E9%96%80%E6%AA%BB%E4%BD%8E%E4%BD%86%E8%A6%81%E7%B4%85%E5%BE%88%E9%9B%A3-%E7%B6%B2%E7%B4%85%E7%94%9F%E6%AD%BB%E9%AC%A5%E7%94%9F%E5%AD%98%E4%B8%8D%E5%AE%B9%E6%98%93-220000664.html,EBC東森新聞,隨著自媒體發展，網紅數量激增，競爭激烈，收入不穩定。網紅海豚分享其從爆紅到轉型的經歷，指出網紅工作不僅需投入大量時間成本，更需持續自我行銷。雖然大網紅業配收入可觀，但奈米及微型網紅因互動率和精準受眾而崛起。流量碎片化也導致部分網紅放棄自媒體。,"海豚,徐薇涵,唐源駿,麥當勞",False
廖偉棠專欄：身處地獄　何來穿越之門,https://tw.news.yahoo.com/%E5%BB%96%E5%81%89%E6%A3%A0%E5%B0%88%E6%AC%84-%E8%BA%AB%E8%99%95%E5%9C%B0%E7%8D%84-%E4%BD%95%E4%BE%86%E7%A9%BF%E8%B6%8A%E4%B9%8B%E9%96%80-220000677.html,上報,電影《穿越地獄之門》講述七人三車在摩洛哥與茅利塔尼亞邊境尋找音樂節的故事，卻意外捲入地緣政治衝突。文章藉此探討西方樂迷在衝突地區舉辦音樂節的倫理問題，以及對當地人民可能造成的冒犯與傷害，並與2023年雷伊姆音樂節遭哈瑪斯攻擊事件相提並論，揭示快樂主義背後的潛在風險。,"哈瑪斯,波利薩里奧陣線",True
名導恩伊達誇梁朝偉背影都有戲,https://tw.news.yahoo.com/%E5%90%8D%E5%B0%8E%E6%81%A9%E4%BC%8A%E9%81%94%E8%AA%87%E6%A2%81%E6%9C%9D%E5%81%89%E8%83%8C%E5%BD%B1%E9%83%BD%E6%9C%89%E6%88%B2-201000894.html,中時新聞網,匈牙利名導伊爾蒂蔻恩伊達來台宣傳新作《你是不會當樹嗎》，與梁朝偉首次合作。伊達表示梁朝偉謙虛開放，並為他量身打造角色，甚至已開始構思新劇本。她讚賞梁朝偉的演技，尤其在疫情受困的劇情中，透過背影細微的調整，完美詮釋角色的無奈與挫折。,"伊爾蒂蔻恩伊達,梁朝偉",False
ØZI被問勾二嫂變臉走人,https://tw.news.yahoo.com/zi%E8%A2%AB%E5%95%8F%E5%8B%BE%E4%BA%8C%E5%AB%82%E8%AE%8A%E8%87%89%E8%B5%B0%E4%BA%BA-201000607.html,中時新聞網,歌手ØZI首度回應頑童MJ116瘦子新歌〈無袂煞〉中疑似影射他的歌詞「勾二嫂」，現場氣氛尷尬，僅以「謝謝」回應。他還透露與辣模女友Jane穩定交往三年多，並分享了自己喝醉斷片的糗事。ØZI與女友也一同參加了Coachella 2026海尼根舞台演出。,"ØZI,瘦子,MJ116,吳卓源,Jane,BIGBANG",True
吻戲助攻收視飆IU邊佑錫親出鼻汗印,https://tw.news.yahoo.com/%E5%90%BB%E6%88%B2%E5%8A%A9%E6%94%BB%E6%94%B6%E8%A6%96%E9%A3%86iu%E9%82%8A%E4%BD%91%E9%8C%AB%E8%A6%AA%E5%87%BA%E9%BC%BB%E6%B1%97%E5%8D%B0-201000441.html,中時新聞網,IU與邊佑錫主演的《21世紀大君夫人》上線後創下Disney+韓劇首播觀看紀錄，第3集吻戲引發話題並助收視登上冠軍。兩人受訪透露吻戲拍攝過程辛苦，並互相稱讚。劇迷可至台北快閃店朝聖，重現劇中場景。,"IU,邊佑錫",False
梁朝偉卸執念隨心演,https://tw.news.yahoo.com/%E6%A2%81%E6%9C%9D%E5%81%89%E5%8D%B8%E5%9F%B7%E5%BF%B5%E9%9A%A8%E5%BF%83%E6%BC%94-201000760.html,中時新聞網,影帝梁朝偉為新作《你是不會當樹嗎》訪台宣傳，片中他飾演因疫情被困的腦神經科學家，與植物產生連結。他對法國影后蕾雅瑟杜表達崇拜之情，並分享疫情期間在澳洲、日本封城時感受到的自由。梁朝偉表示目前處於表演的最後階段，更享受過程而非結果，並透露目前偏好美國劇本。,"梁朝偉,蕾雅瑟杜",False
和平之旅後 兩岸再續電影緣,https://tw.news.yahoo.com/%E5%92%8C%E5%B9%B3%E4%B9%8B%E6%97%85%E5%BE%8C-%E5%85%A9%E5%B2%B8%E5%86%8D%E7%BA%8C%E9%9B%BB%E5%BD%B1%E7%B7%A3-201000968.html,中時新聞網,新聞內容回顧了1980年代兩岸三地新電影浪潮的興起，以及香港國際電影節在其中扮演的重要溝通交流平台角色。作者分享了當時與陳凱歌、許鞍華、田壯壯等電影人交流的經歷，以及彼此在國際影展上互相支持、共同榮耀的往事，表達了對那個純真理想時代的懷念。,"陳凱歌,許鞍華,田壯壯,黃建新,侯孝賢,朱天文,小野,吳念真,張藝謀,顧長衛,關錦鵬,舒琪,李焯桃,謝晉,楊德昌,李少紅,陳果,馬丁史可塞西,勞勃狄尼洛",False
TPE48感情好 團內不演宮鬥劇,https://tw.news.yahoo.com/tpe48%E6%84%9F%E6%83%85%E5%A5%BD-%E5%9C%98%E5%85%A7%E4%B8%8D%E6%BC%94%E5%AE%AE%E9%AC%A5%E5%8A%87-201000196.html,中時新聞網,女團TPE48近期發行新單曲並宣布舉辦「期別Fan Meeting」，成員們否認內部競爭，強調彼此間的良好感情。成員們也分享了練舞過程中的挑戰，以及對即將到來的粉絲見面會的期待與緊張心情，展現了團隊的活力與自信。,"TPE48,蔡伊柔,伊品,張少瞳,胡詠晴,楊亞芸,許淳媛",True
丁噹雄蛋嗨歌慶生 阿弟祝早生小丁噹,https://tw.news.yahoo.com/%E4%B8%81%E5%99%B9%E9%9B%84%E8%9B%8B%E5%97%A8%E6%AD%8C%E6%85%B6%E7%94%9F-%E9%98%BF%E5%BC%9F%E7%A5%9D%E6%97%A9%E7%94%9F%E5%B0%8F%E4%B8%81%E5%99%B9-201000968.html,中時新聞網,丁噹在高雄巨蛋舉辦「夜遊」演唱會，吸引大批歌迷。蕭景鴻（阿弟）擔任嘉賓慶生並祝福她早日結婚。演唱會上丁噹演唱多首經典歌曲，並與歌迷互動，同時也感性地分享對逝去親人的思念。本次演唱會相較於台北場有四大升級，展現丁噹出道19年來的成長與不服輸精神。,"丁噹,蕭景鴻,阿弟,Apple,吳中純",True
王彩樺被虧蠟像臉 刪社群照「會嚇到大家」,https://tw.news.yahoo.com/%E7%8E%8B%E5%BD%A9%E6%A8%BA%E8%A2%AB%E8%99%A7%E8%A0%9F%E5%83%8F%E8%87%89-%E5%88%AA%E7%A4%BE%E7%BE%A4%E7%85%A7-%E6%9C%83%E5%9A%87%E5%88%B0%E5%A4%A7%E5%AE%B6-201000407.html,中時新聞網,王彩樺因社群照片過度修圖引發討論，她幽默自嘲並將照片下架。胡瓜YT節目揭露王彩樺與余天在秀場的往事。余天為慈善演出，蕭敬騰義氣相挺。王彩樺也透露早期為了上節目曾被要求「生吞金魚」。,"王彩樺,小S,胡瓜,余天,余祥銓,蕭敬騰",True
有劉嘉玲陪梁朝偉自嘲像小孩,https://tw.news.yahoo.com/%E6%9C%89%E5%8A%89%E5%98%89%E7%8E%B2%E9%99%AA%E6%A2%81%E6%9C%9D%E5%81%89%E8%87%AA%E5%98%B2%E5%83%8F%E5%B0%8F%E5%AD%A9-201000174.html,中時新聞網,梁朝偉來台宣傳新片《你是不會當樹嗎》，受訪時透露妻子劉嘉玲雖身兼經紀人，但不會干涉他的劇本選擇，反而鼓勵他挑戰《尚氣》等作品。梁朝偉表示自己像個孩子，需要劉嘉玲協助打理生活和工作，並堅持只穿自己喜歡的衣服。,"梁朝偉,劉嘉玲",False
《門當父不對4》亞莉安娜扮班史提勒準媳婦,https://tw.news.yahoo.com/%E9%96%80%E7%95%B6%E7%88%B6%E4%B8%8D%E5%B0%8D4-%E4%BA%9E%E8%8E%89%E5%AE%89%E5%A8%9C%E6%89%AE%E7%8F%AD%E5%8F%B2%E6%8F%90%E5%8B%92%E6%BA%96%E5%AA%B3%E5%A9%A6-201000845.html,中時新聞網,喜劇電影《門當父不對》推出第4部《門當父不對之親家駕到》，班史提勒、勞勃狄尼洛原班人馬回歸，並加入亞莉安娜。班史提勒幽默表示第3部評價不佳，甚至暗示可跳過觀看。亞莉安娜在片中飾演前FBI人質談判專家，與班史提勒的兒子約會。,"班史提勒,勞勃狄尼洛,亞莉安娜",False
娜塔莉波曼巴黎待產中 44歲喜迎第三胎,https://tw.news.yahoo.com/%E5%A8%9C%E5%A1%94%E8%8E%89%E6%B3%A2%E6%9B%BC%E5%B7%B4%E9%BB%8E%E5%BE%85%E7%94%A2%E4%B8%AD-44%E6%AD%B2%E5%96%9C%E8%BF%8E%E7%AC%AC%E4%B8%89%E8%83%8E-201000929.html,中時新聞網,女星娜塔莉波曼證實將與伴侶唐吉德斯塔貝爾迎來第一個孩子，也是她的第三個孩子。她在結束與前夫的婚姻後，再次懷孕並深感幸運與感激。她目前在巴黎享受懷孕過程，並透過運動保持活力。,"娜塔莉波曼,唐吉德斯塔貝爾",False
黃嘉千演舞台劇 成功解鎖跳舞,https://tw.news.yahoo.com/%E9%BB%83%E5%98%89%E5%8D%83%E6%BC%94%E8%88%9E%E5%8F%B0%E5%8A%87-%E6%88%90%E5%8A%9F%E8%A7%A3%E9%8E%96%E8%B7%B3%E8%88%9E-201000434.html,中時新聞網,黃嘉千終於與全民大劇團合作舞台劇《你好，我是接體員》，她對此緣分感到開心。她分享了自己對生死議題的感悟，以及排練過程中克服跳舞和閩南語發音的挑戰。過去曾因檔期問題多次錯過合作機會，這次演出對她來說意義非凡，並因劇中情節勾起她年輕時朋友憾事的陰影。,"黃嘉千,謝念祖,林俊逸,全民大劇團",False
劉德華自嘲老古板 禁愛女早戀,https://tw.news.yahoo.com/%E5%8A%89%E5%BE%B7%E8%8F%AF%E8%87%AA%E5%98%B2%E8%80%81%E5%8F%A4%E6%9D%BF-%E7%A6%81%E6%84%9B%E5%A5%B3%E6%97%A9%E6%88%80-201000763.html,中時新聞網,劉德華與姜濤一同出席公益活動並清唱歌曲，引發粉絲熱情。他透露愛女劉向蕙將滿14歲，希望她至少18歲才談戀愛，並計畫讓女兒高中階段留在香港就讀。劉德華預告今年有望在香港紅館舉辦演唱會，並考慮邀請姜濤擔任嘉賓。此外，他提及近期拍MV時不慎跌倒，但並無大礙，以及對已故好友潘宏彬的追悼。,"劉德華,姜濤,劉向蕙,潘宏彬",True
陳怡婷合唱偶像 誇蕭煌奇行走的AI,https://tw.news.yahoo.com/%E9%99%B3%E6%80%A1%E5%A9%B7%E5%90%88%E5%94%B1%E5%81%B6%E5%83%8F-%E8%AA%87%E8%95%AD%E7%85%8C%E5%A5%87%E8%A1%8C%E8%B5%B0%E7%9A%84ai-201000663.html,中時新聞網,陳怡婷在台北國際會議中心舉辦「歌之饗宴15一路上的愛呀！陳怡婷演唱會」，康康、蕭煌奇擔任嘉賓。兩人台上互動幽默，康康自嘲開場表現不佳，蕭煌奇則開玩笑表示欣賞陳怡婷，並自嘲已婚身分。現場氣氛輕鬆愉快，充滿鬥嘴和互虧。,"陳怡婷,康康,蕭煌奇,林俊傑",True
林佑威吐真心話「少談點戀愛」昔陷三角戀遭女星劈腿情史被翻出,https://tw.news.yahoo.com/%E6%9E%97%E4%BD%91%E5%A8%81%E5%90%90%E7%9C%9F%E5%BF%83%E8%A9%B1-%E5%B0%91%E8%AB%87%E9%BB%9E%E6%88%80%E6%84%9B-%E6%98%94%E9%99%B7%E4%B8%89%E8%A7%92%E6%88%80%E9%81%AD%E5%A5%B3%E6%98%9F%E5%8A%88%E8%85%BF%E6%83%85%E5%8F%B2%E8%A2%AB%E7%BF%BB%E5%87%BA-175906829.html,中時新聞網,男星林佑威近日分享在台、陸拍戲差異，並表示如果能對年輕的自己說一句話，會希望他少談戀愛，將重心放在事業上。他回顧過往感情經歷，包含與林韋君、大眼妹、Angel的關係，並分享在大陸拍戲的辛苦與見聞，以及對行動支付普及、城市快速變化的印象。,"林佑威,林韋君,許紹洋,Angel",False
眷森活藝術節春日登場　　打造海線慢活風景,https://tw.news.yahoo.com/%E7%9C%B7%E6%A3%AE%E6%B4%BB%E8%97%9D%E8%A1%93%E7%AF%80%E6%98%A5%E6%97%A5%E7%99%BB%E5%A0%B4-%E6%89%93%E9%80%A0%E6%B5%B7%E7%B7%9A%E6%85%A2%E6%B4%BB%E9%A2%A8%E6%99%AF-171749388.html,互傳媒,台中市政府文化局主辦的「2026清眷森活藝術節」於清水眷村文化園區展開，以「說故事的風」為主題，結合裝置藝術、表演、市集和手作體驗，營造眷村慢活氛圍。活動至5月10日，並有森活市集、綠手作課程等多項活動及紀念品兌換。,"張學宜,陳佳君,台中市政府文化局,港區藝術中心",False
2026台中文學季開跑　文青女神林予晞擔任推廣大使,https://tw.news.yahoo.com/2026%E5%8F%B0%E4%B8%AD%E6%96%87%E5%AD%B8%E5%AD%A3%E9%96%8B%E8%B7%91-%E6%96%87%E9%9D%92%E5%A5%B3%E7%A5%9E%E6%9E%97%E4%BA%88%E6%99%9E%E6%93%94%E4%BB%BB%E6%8E%A8%E5%BB%A3%E5%A4%A7%E4%BD%BF-170624018.html,互傳媒,台中市政府文化局主辦的「2026台中文學季－文學城市生成中」於台中綠美圖揭幕，活動將至7月5日，包含文學講座、走讀、跨域活動與展覽等15場次，邀請市民參與文學創作，形塑台中文學城市風景。活動結合文字、影像、音樂與生活體驗，並推出限定紀念品。,"張學宜,林予晞,潘美君,鄭錫禧,林武憲,甘耀明,劉書甫,陳芝宇,湯舒雯,劉珞亦,朱宥勳,顧玉玲,林楷倫,劉克襄,陳雪,言叔夏,靈魂沙發,聯經出版,CSD中衛",False
〈在加納共和國離婚〉原唱巡演崩潰　為亡母留位淚求「別放上脆」,https://tw.news.yahoo.com/%E5%9C%A8%E5%8A%A0%E7%B4%8D%E5%85%B1%E5%92%8C%E5%9C%8B%E9%9B%A2%E5%A9%9A-%E5%8E%9F%E5%94%B1%E5%B7%A1%E6%BC%94%E5%B4%A9%E6%BD%B0-%E7%82%BA%E4%BA%A1%E6%AF%8D%E7%95%99%E4%BD%8D%E6%B7%9A%E6%B1%82-%E5%88%A5%E6%94%BE%E4%B8%8A%E8%84%86-162335985.html,太報,馬來西亞歌手DIOR大穎「KAMPUNG GIRL普通人」世界巡迴演唱會台北站落幕，她將演唱會視為獻給亡母的信，演出中多次表達對母親的思念，並與台灣觀眾互動熱烈，展現親和力，寵粉無極限，送出多重禮物，希望歌迷能感受到幸福與正能量。,"DIOR大穎, ØZI, Jisoo",True
證據都在 USB 裡！疑Jisoo嫂子手寫信致歉　聲稱婚後才知丈夫身分,https://tw.news.yahoo.com/%E8%AD%89%E6%93%9A%E9%83%BD%E5%9C%A8-usb-%E8%A3%A1-%E7%96%91jisoo%E5%AB%82%E5%AD%90%E6%89%8B%E5%AF%AB%E4%BF%A1%E8%87%B4%E6%AD%89-%E8%81%B2%E7%A8%B1%E5%A9%9A%E5%BE%8C%E6%89%8D%E7%9F%A5%E4%B8%88%E5%A4%AB%E8%BA%AB%E5%88%86-161700126.html,鏡報,某知名女團成員哥哥涉嫌家暴的爭議持續發酵，疑似受害者公開手寫信，詳述了法律諮詢的挫折、證據的保存（USB），以及在結婚後才得知加害者身分的經過。她強調自己並非故意將事件鬧大，並澄清藝人妹妹對此不知情。目前事件真相仍待司法調查。,"福原愛,李亞萍,余祥銓,潘若迪",False
ØZI斷片「只剩內褲」大字躺地　穩交辣模3年認證〈最愛〉,https://tw.news.yahoo.com/zi%E6%96%B7%E7%89%87-%E5%8F%AA%E5%89%A9%E5%85%A7%E8%A4%B2-%E5%A4%A7%E5%AD%97%E8%BA%BA%E5%9C%B0-%E7%A9%A9%E4%BA%A4%E8%BE%A3%E6%A8%A13%E5%B9%B4%E8%AA%8D%E8%AD%89-%E6%9C%80%E6%84%9B-160110392.html,太報,ØZI成為首位登上Coachella音樂節Heineken House舞台的台灣音樂人，並透露與辣模女友Jane交往3年多，新歌〈最愛〉寫給她。他分享了自己理性飲酒的習慣，以及過去一次醉酒的驚險經歷，並表示酒精會激發他的浪漫細胞與創作欲。,"ØZI, Jane, BIGBANG, KATSEYE, Jisoo, 娜塔莉波曼",True
悄悄生下3寶！福原愛產後首亮相　改頭換面拚「形象恢復」背後含義曝光,https://tw.news.yahoo.com/%E6%82%84%E6%82%84%E7%94%9F%E4%B8%8B3%E5%AF%B6-%E7%A6%8F%E5%8E%9F%E6%84%9B%E7%94%A2%E5%BE%8C%E9%A6%96%E4%BA%AE%E7%9B%B8-%E6%94%B9%E9%A0%AD%E6%8F%9B%E9%9D%A2%E6%8B%9A-%E5%BD%A2%E8%B1%A1%E6%81%A2%E5%BE%A9-%E8%83%8C%E5%BE%8C%E5%90%AB%E7%BE%A9%E6%9B%9D%E5%85%89-160100080.html,鏡報,日本桌球國手福原愛近照曝光，形象大幅改變，並公開已是三寶媽。她參加「運動團隊、運動員綜合展2027」，以俐落短髮亮相，外界認為是她告別離婚風波、重整形象的舉動。福原愛已再婚並生下第三個孩子，未來將持續透過桌球回饋社會。,"福原愛,古賀紗理那,江宏傑,Jisoo,鍾漢良,妮妮,Kim,吳霏,艾薇,曾薀帆",False
福原愛低調生了！為橫濱男生第一胎成「三寶媽」產後首露面現況曝光,https://tw.news.yahoo.com/%E7%A6%8F%E5%8E%9F%E6%84%9B%E4%BD%8E%E8%AA%BF%E7%94%9F%E4%BA%86-%E7%82%BA%E6%A9%AB%E6%BF%B1%E7%94%B7%E7%94%9F%E7%AC%AC-%E8%83%8E%E6%88%90-%E4%B8%89%E5%AF%B6%E5%AA%BD-%E7%94%A2%E5%BE%8C%E9%A6%96%E9%9C%B2%E9%9D%A2%E7%8F%BE%E6%B3%81%E6%9B%9D%E5%85%89-154000866.html,三立新聞網 setn.com,日本桌球名將福原愛已秘密再婚並生下第三個孩子，對象為曾有不倫風波的「橫濱男」。她產後首度露面，與退役排球女將古賀紗理那合照，狀態良好並換上新髮型，被視為形象重啟的訊號。新聞也簡短提及她與前夫江宏傑的離婚爭議。,"福原愛,江宏傑,古賀紗理那,吳中純,丁噹,Lisa,Jisoo",True
繁星璀璨的童年入場券：《超級馬利歐銀河電影》／ 李禹彤,https://tw.news.yahoo.com/%E7%B9%81%E6%98%9F%E7%92%80%E7%92%A8%E7%9A%84%E7%AB%A5%E5%B9%B4%E5%85%A5%E5%A0%B4%E5%88%B8-%E8%B6%85%E7%B4%9A%E9%A6%AC%E5%88%A9%E6%AD%90%E9%8A%80%E6%B2%B3%E9%9B%BB%E5%BD%B1-%E6%9D%8E%E7%A6%B9%E5%BD%A4-153031393.html,台灣好報,《超級馬力歐銀河大電影》不僅是票房續作，更是一封給童心未泯的大人的信。電影在視覺呈現上大幅拓展，並在人物刻畫上有所突破，特別是酷霸父子的塑造，探討了代際傳承與宿命的主題。影片充滿了對經典遊戲的致敬，引發了「80後」、「90後」的情懷共鳴。,"亞倫霍瓦斯,麥可傑勒尼克,格倫鮑威爾,福克斯麥克勞德,任天堂,照明娛樂",True
女團TPE48遭疑內鬨吵架！私下較勁真相曝光　蔡伊柔不忍全說了,https://tw.news.yahoo.com/%E5%A5%B3%E5%9C%98tpe48%E9%81%AD%E7%96%91%E5%85%A7%E9%AC%A8%E5%90%B5%E6%9E%B6-%E7%A7%81%E4%B8%8B%E8%BC%83%E5%8B%81%E7%9C%9F%E7%9B%B8%E6%9B%9D%E5%85%89-%E8%94%A1%E4%BC%8A%E6%9F%94%E4%B8%8D%E5%BF%8D%E5%85%A8%E8%AA%AA%E4%BA%86-152400821.html,三立新聞網 setn.com,女團TPE48近期將舉辦「期別 Fan Meeting」，各期成員集結展現團隊成長。成員們強調彼此間的良好感情與默契，並對即將到來的演出充滿信心，表示將全力以赴。活動將於三創CLAPPER STUDIO舉行，吸引粉絲關注。,"TPE48,蔡伊柔,伊品,張少瞳,胡詠晴,許淳媛,楊亞芸,林襄,馬傑森,羅志祥,吳宗憲,陳隨意,謝宜君,ØZI,瘦子,吳卓源",True
獨／沈伯洋、吳沛憶同框　曹興誠點名「選北市長不二人選」,https://tw.news.yahoo.com/%E7%8D%A8-%E6%B2%88%E4%BC%AF%E6%B4%8B-%E5%90%B3%E6%B2%9B%E6%86%B6%E5%90%8C%E6%A1%86-%E6%9B%B9%E8%88%88%E8%AA%A0%E9%BB%9E%E5%90%8D-%E9%81%B8%E5%8C%97%E5%B8%82%E9%95%B7%E4%B8%8D%E4%BA%8C%E4%BA%BA%E9%81%B8-111619574.html,民視,民視新聞報導，立委沈伯洋與未來台北市黨部主委吳沛憶同框現身寶藏巖活動，被視為為2026台北市長選戰備戰。曹興誠公開力挺沈伯洋，稱他是北市長不二人選，並嗆蔣萬安不敢與其辯論。蔣萬安則以幽默方式回應。民進黨提名人選備受關注。,"沈伯洋,吳沛憶,曹興誠,蔣萬安,林彥君,楊柏玨,李貞秀,黃國昌,柯文哲,鄭麗文,卓榮泰,韓國瑜",False
小A辣被強制「結婚」！身分證外流還被當老婆　氣炸怒嗆詐騙,https://tw.news.yahoo.com/%E5%B0%8Fa%E8%BE%A3%E8%A2%AB%E5%BC%B7%E5%88%B6-%E7%B5%90%E5%A9%9A-%E8%BA%AB%E5%88%86%E8%AD%89%E5%A4%96%E6%B5%81%E9%82%84%E8%A2%AB%E7%95%B6%E8%80%81%E5%A9%86-%E6%B0%A3%E7%82%B8%E6%80%92%E5%97%86%E8%A9%90%E9%A8%99-145041116.html,CTWANT,跨性別網紅小A辣的身分證件遭詐騙集團盜用，被冒用成「已婚人妻」用於投資詐騙。詐騙集團在Threads上發文，宣稱小A辣是金融機構主管配偶，推薦高報酬投資標的。小A辣緊急澄清並呼籲民眾提高警覺，但詐騙帳號仍持續操作。,"小A辣,黃唯恩",False
百老匯星光演唱會 This Is Me原唱激昂感動全場,https://tw.news.yahoo.com/%E7%99%BE%E8%80%81%E5%8C%AF%E6%98%9F%E5%85%89%E6%BC%94%E5%94%B1%E6%9C%83-me%E5%8E%9F%E5%94%B1%E6%BF%80%E6%98%82%E6%84%9F%E5%8B%95%E5%85%A8%E5%A0%B4-145036087.html,中央社,百老匯星光演唱會今晚在台北北流登場，吸引超過4千名樂迷朝聖。由電影「大娛樂家」主角賽特爾壓軸演唱「This Is Me」，將現場氣氛推向最高點。演唱會重現百老匯精緻與震撼，演出多部經典音樂劇曲目，並於19日還有另一場演出。,"Keala Settle, 牛耳藝術, 李亨山",True
去年陪媽媽看丁噹演唱會　吳中純愛女現身高雄憶亡母,https://tw.news.yahoo.com/%E5%8E%BB%E5%B9%B4%E9%99%AA%E5%AA%BD%E5%AA%BD%E7%9C%8B%E4%B8%81%E5%99%B9%E6%BC%94%E5%94%B1%E6%9C%83-%E5%90%B3%E4%B8%AD%E7%B4%94%E6%84%9B%E5%A5%B3%E7%8F%BE%E8%BA%AB%E9%AB%98%E9%9B%84%E6%86%B6%E4%BA%A1%E6%AF%8D-144732118.html,中時新聞網,丁噹在高雄巨蛋演唱會上，特別邀請已故主播吳中純的女兒Apple上台，讓她表達對母親的思念。Apple分享了對母親的祝福，丁噹則獻唱〈親人〉，並鼓勵大家勇敢面對生命中的離別。Apple也透露，她與母親曾一同欣賞丁噹的演唱會。,"丁噹,吳中純,Apple,李子森,沈建豪",True
林潤娥來了！3度為韓職斗山熊開球　網翻舊照看呆：到底哪裡有變,https://tw.news.yahoo.com/%E6%9E%97%E6%BD%A4%E5%A8%A5%E4%BE%86%E4%BA%86-3%E5%BA%A6%E7%82%BA%E9%9F%93%E8%81%B7%E6%96%97%E5%B1%B1%E7%86%8A%E9%96%8B%E7%90%83-%E7%B6%B2%E7%BF%BB%E8%88%8A%E7%85%A7%E7%9C%8B%E5%91%86-%E5%88%B0%E5%BA%95%E5%93%AA%E8%A3%A1%E6%9C%89%E8%AE%8A-144552288.html,中時新聞網,韓國女星林潤娥受邀為KBO斗山熊開球，吸引網友關注。她與11年前開球照片對比，美貌幾乎沒有改變，引發熱議。潤娥表示希望球隊奪冠並為球隊帶來勝利，最終斗山熊以5:4擊敗起亞虎。此事件在台灣也引發熱烈討論。,"林潤娥,斗山熊,起亞虎",False
Jisoo親哥遭妻控家暴又虐待　受害妻幫護航：妹妹不知情,https://tw.news.yahoo.com/jisoo%E8%A6%AA%E5%93%A5%E9%81%AD%E5%A6%BB%E6%8E%A7%E5%AE%B6%E6%9A%B4%E5%8F%88%E8%99%90%E5%BE%85-%E5%8F%97%E5%AE%B3%E5%A6%BB%E5%B9%AB%E8%AD%B7%E8%88%AA-%E5%A6%B9%E5%A6%B9%E4%B8%8D%E7%9F%A5%E6%83%85-143000736.html,緯來新聞網,BLACKPINK成員Jisoo的哥哥金政勳爆發多項醜聞，包括性侵及家暴。其妻子公開社群發文控訴金政勳結婚僅兩週就施暴，包含家暴、性侵、言語辱罵等，並強調Jisoo並不知情，呼籲勿波及家人。事件引發亞洲網友熱議，但韓媒卻異常噤聲。,"Jisoo, 金政勳, BLACKPINK, Biomom, BLISSOO, 小S, B2",False
暴力美學極致重現！Sony證實正開發《血源詛咒》R級動畫電影，知名YouTuber參與製作,https://tw.news.yahoo.com/the-ultimate-in-violent-aesthetics-sony-confirms-its-developing-an-r-rated-animated-film-based-on-bloodborne-with-a-well-known-youtuber-involved-in-the-production-141731659.html,Mashdigi,索尼影業宣布將開發《血源詛咒》R級動畫電影，承諾忠於原作的黑暗哥德式風格和血腥暴力元素。製作團隊包括PlayStation Productions、Lyrical Animation，以及遊戲YouTuber Jacksepticeye擔任聯合製作人。此消息與先前《血源詛咒》重製版受阻的傳聞形成對比。,"索尼影業, Sony Pictures Entertainment, FromSoftware, H.P. 洛夫克拉夫特, PlayStation Productions, Lyrical Animation, 賽恩·麥克勞克林, Jacksepticeye, Bluepoint Games, 宮崎英高",True
康康拋下嫩妻大膽把妹 自信條件全符合：我太早結婚了,https://tw.news.yahoo.com/%E5%BA%B7%E5%BA%B7%E6%8B%8B%E4%B8%8B%E5%AB%A9%E5%A6%BB%E5%A4%A7%E8%86%BD%E6%8A%8A%E5%A6%B9-%E8%87%AA%E4%BF%A1%E6%A2%9D%E4%BB%B6%E5%85%A8%E7%AC%A6%E5%90%88-%E6%88%91%E5%A4%AA%E6%97%A9%E7%B5%90%E5%A9%9A%E4%BA%86-141139031.html,自由時報,台語歌手陳怡婷在TICC開唱，蕭煌奇、康康擔任嘉賓。康康自嘲為「行走的卡帶」，並幽默表示符合陳怡婷的擇偶條件，但自嘆太早結婚。陳怡婷在台上向母親告白，感謝母親的包容與愛，現場感動。,"陳怡婷,蕭煌奇,康康",True
丹麥王后狂嚕愛犬被女王阻止！尷尬畫面瘋傳,https://tw.news.yahoo.com/%E4%B8%B9%E9%BA%A5%E7%8E%8B%E5%90%8E%E7%8B%82%E5%9A%95%E6%84%9B%E7%8A%AC%E8%A2%AB%E5%A5%B3%E7%8E%8B%E9%98%BB%E6%AD%A2-%E5%B0%B7%E5%B0%AC%E7%95%AB%E9%9D%A2%E7%98%8B%E5%82%B3-140923239.html,今日新聞NOWNEWS,丹麥女王瑪格麗特二世在86歲生日音樂會上，阻止王后瑪麗撫摸她的愛犬Tilia，此舉被鏡頭捕捉到引發網友討論。瑪麗王后在近期父親過世後首次公開露面，場面略顯尷尬。弗雷德里克國王則在旁安慰王后。,"瑪格麗特二世,瑪麗王后,弗雷德里克國王,伊朗最高領袖,革命衛隊",True
「中職最正MC」無預警發病受不了！心悸無奈痛到哭：期待的生日月不順,https://tw.news.yahoo.com/%E4%B8%AD%E8%81%B7%E6%9C%80%E6%AD%A3mc-%E7%84%A1%E9%A0%90%E8%AD%A6%E7%99%BC%E7%97%85%E5%8F%97%E4%B8%8D%E4%BA%86-%E5%BF%83%E6%82%B8%E7%84%A1%E5%A5%88%E7%97%9B%E5%88%B0%E5%93%AD-%E6%9C%9F%E5%BE%85%E7%9A%84%E7%94%9F%E6%97%A5%E6%9C%88%E4%B8%8D%E9%A0%86-140500485.html,三立新聞網 setn.com,啦啦隊女神林艾融因急性腸胃炎發作，出現腹痛、心悸等不適症狀，導致原本期待的生日月受到影響。她自嘲過去常開玩笑說減肥想體驗腸胃炎，如今卻成真。目前已進入休養模式，靠清淡食物恢復，並獲得粉絲關心與祝福。,"林艾融,樂天桃猿,PBL 台啤永豐雲豹,電豹女,福原愛,吳中純,丁噹,Lisa,Jisoo",True
全家去年才一起看！吳中純愛女獨自現身丁噹演唱會　這段話惹鼻酸,https://tw.news.yahoo.com/%E5%85%A8%E5%AE%B6%E4%BA%BA%E5%8E%BB%E5%B9%B4%E6%89%8D-%E8%B5%B7%E7%9C%8B-%E4%B8%81%E5%99%B9%E8%A6%8B%E5%A5%B9%E7%8D%A8%E5%9D%90%E5%8F%B0%E4%B8%8B-%E5%90%B3%E4%B8%AD%E7%B4%94%E6%84%9B%E5%A5%B3%E9%80%99%E6%AE%B5%E8%A9%B1%E6%83%B9%E9%BC%BB%E9%85%B8-140300899.html,緯來新聞網,丁噹在高雄巨蛋演唱會上特別提及已故主播吳中純的女兒梅嬿翎，梅嬿翎分享了母親離世後的傷痛，並表示希望母親永遠快樂。丁噹感性回應，鼓勵大家勇敢面對生命中的離別，並相信逝者會以另一種方式陪伴。,"丁噹,吳中純,梅嬿翎,小S,163 braces,B2",True
ØZI登科切拉音樂節品牌舞台 直呼意義重大,https://tw.news.yahoo.com/zi%E7%99%BB%E7%A7%91%E5%88%87%E6%8B%89%E9%9F%B3%E6%A8%82%E7%AF%80%E5%93%81%E7%89%8C%E8%88%9E%E5%8F%B0-%E7%9B%B4%E5%91%BC%E6%84%8F%E7%BE%A9%E9%87%8D%E5%A4%A7-135924160.html,中央社,歌手ØZI出席品牌活動時表示，在科切拉音樂節演出意義重大，並透露這次帶著交往3年的女友一同前往，女友期待看到BIGBANG和KATSEYE演出。ØZI對於未來登上大舞台的願望則表示不願多言，希望默默努力能讓願望成真。,"ØZI,BIGBANG,KATSEYE",True
電影「挺進白沙屯媽」實景拍攝！百萬人海狂NG 一喊這台詞神蹟起風,https://tw.news.yahoo.com/%E9%9B%BB%E5%BD%B1-%E6%8C%BA%E9%80%B2%E7%99%BD%E6%B2%99%E5%B1%AF%E5%AA%BD-%E5%AF%A6%E6%99%AF%E6%8B%8D%E6%94%9D-%E7%99%BE%E8%90%AC%E4%BA%BA%E6%B5%B7%E7%8B%82ng-%E5%96%8A%E9%80%99%E5%8F%B0%E8%A9%9E%E7%A5%9E%E8%B9%9F%E8%B5%B7%E9%A2%A8-135922025.html,中時新聞網,電影《農曆三月二十三》以宗教奇幻視角呈現媽祖信仰，劇組前往白沙屯媽祖進香實景拍攝。演員方琦為拍攝關鍵戲碼，在人潮中NG多次。拍攝過程中，劇組經歷了令人驚奇的「神蹟」時刻，導演王重正認為是媽祖的同意。該片將於5月8日上映。,"楊子儀,吳政勳,Darren（邱凱偉）,方琦,梁佑南,陳明真,王重正,方駿",True
前主播吳中純2個月前癌逝！獨生女今現身丁噹演唱會　淚訴「她一直都在」,https://tw.news.yahoo.com/%E5%89%8D%E4%B8%BB%E6%92%AD%E5%90%B3%E4%B8%AD%E7%B4%942%E5%80%8B%E6%9C%88%E5%89%8D%E7%99%8C%E9%80%9D-%E7%8D%A8%E7%94%9F%E5%A5%B3%E4%BB%8A%E7%8F%BE%E8%BA%AB%E4%B8%81%E5%99%B9%E6%BC%94%E5%94%B1%E6%9C%83-%E6%B7%9A%E8%A8%B4-%E5%A5%B9-%E7%9B%B4%E9%83%BD%E5%9C%A8-135900059.html,鏡報,丁噹在高雄巨蛋演唱會上收到歌迷Apple的私訊，得知Apple的母親吳中純因淋巴癌過世。丁噹特別點名Apple上台，讓她向母親表達思念，現場氣氛感人。丁噹也分享了對生命的體會，以歌聲撫慰人心。,"丁噹,Apple,梅嬿翎,梅聖旻,吳中純",True
身上沒現金緊急向路人求助 竟是超正女歌手,https://tw.news.yahoo.com/%E8%BA%AB%E4%B8%8A%E6%B2%92%E7%8F%BE%E9%87%91%E7%B7%8A%E6%80%A5%E5%90%91%E8%B7%AF%E4%BA%BA%E6%B1%82%E5%8A%A9-%E7%AB%9F%E6%98%AF%E8%B6%85%E6%AD%A3%E5%A5%B3%E6%AD%8C%E6%89%8B-134841827.html,中時新聞網,張語噥推出新歌〈餘額不足〉，描述愛情關係逐漸消耗殆盡的臨界點。她以「藍咖」諧音自嘲，將歌曲獻給不值得的人。她分享自己偶爾會遇到現金不足的窘境，並表示現在會勇敢向陌生人求助。,張語噥,False
獨家／演唱會亂鬥！螢光棒揮太猛遭勸 男揍人後開溜,https://tw.news.yahoo.com/%E7%8D%A8%E5%AE%B6-%E6%BC%94%E5%94%B1%E6%9C%83%E4%BA%82%E9%AC%A5-%E8%9E%A2%E5%85%89%E6%A3%92%E6%8F%AE%E5%A4%AA%E7%8C%9B%E9%81%AD%E5%8B%B8-%E7%94%B7%E6%8F%8D%E4%BA%BA%E5%BE%8C%E9%96%8B%E6%BA%9C-134700495.html,EBC東森娛樂,鄧紫棋演唱會上，一名男觀眾因不滿鄰座觀眾揮舞螢光棒影響視線，發生口角後揮拳攻擊對方，造成對方嘴唇、肩膀、胸部受傷。警方已介入調查，將請售票單位協助追查打人者身分。,"鄧紫棋,張先生",True
ØZI聞「勾二嫂」秒變臉離場 穩交辣模女友被問結婚鬆口了,https://tw.news.yahoo.com/%C3%B8zi%E8%81%9E%E3%80%8C%E5%8B%BE%E4%BA%8C%E5%AB%82%E3%80%8D%E7%A7%92%E8%AE%8A%E8%87%89%E9%9B%A2%E5%A0%B4-%E7%A9%A9%E4%BA%A4%E8%BE%A3%E6%A8%A1%E5%A5%B3%E5%8F%8B%E8%A2%AB%E5%95%8F%E7%B5%90%E5%A9%9A%E9%AC%86%E5%8F%A3%E4%BA%86-134000151.html,潘鈺楨｜Yahoo名人娛樂特派記者,歌手ØZI出席記者會，公開認愛辣模女友Jane，並分享了科切拉音樂節及酒後糗事。但當被問及瘦子新歌疑似影射他的歌詞時，ØZI神情轉變，隨即在經紀人護送下離場，現場氣氛尷尬。,"ØZI, Jane, 瘦子, 吳卓源, KATSEYE, 頑童MJ116",True
相隔10年！丁噹踩巨貓霸氣回歸　登雄蛋謝五月天成就歌手路,https://tw.news.yahoo.com/%E7%9B%B8%E9%9A%9410%E5%B9%B4-%E4%B8%81%E5%99%B9%E8%B8%A9%E5%B7%A8%E8%B2%93%E9%9C%B8%E6%B0%A3%E5%9B%9E%E6%AD%B8-%E7%99%BB%E9%9B%84%E8%9B%8B%E8%AC%9D%E4%BA%94%E6%9C%88%E5%A4%A9%E6%88%90%E5%B0%B1%E6%AD%8C%E6%89%8B%E8%B7%AF-133800008.html,鏡報,丁噹睽違10年重返高雄巨蛋舉辦「夜遊 A Night Tour」巡演高雄站，現場氣勢登場，帶來多首動感歌曲，並與歌迷互動。演出中，丁噹展現驚人體力與舞台掌控力，並分享出道以來的甘苦談，以及對音樂的熱愛。同時，她也慶祝了44歲生日。,"丁噹,五月天",True
女星闖白沙屯百萬人海「NG 40次」　神明發威一喊台詞「瞬間起風了」,https://tw.news.yahoo.com/%E5%A5%B3%E6%98%9F%E9%97%96%E7%99%BD%E6%B2%99%E5%B1%AF%E7%99%BE%E8%90%AC%E4%BA%BA%E6%B5%B7-ng-40%E6%AC%A1-%E7%A5%9E%E6%98%8E%E7%99%BC%E5%A8%81-%E5%96%8A%E5%8F%B0%E8%A9%9E-133419166.html,CTWANT,宗教人文片《農曆三月二十三》定檔2026年5月8日上映，由王重正執導，楊子儀、方琦等主演。劇組深入白沙屯媽祖進香現場實景拍攝，演員方琦為拍攝關鍵戲碼NG多次。導演王重正表示拍攝過程中發生多個「神蹟」，期盼電影能帶領觀眾看懂歷史與因果。,"王重正,楊子儀,吳政勳,邱凱偉,方琦,梁佑南,陳明真",True
曹興誠酸他不敢辯論！蔣萬安回：最怕跟她辯,https://tw.news.yahoo.com/%E6%9B%B9%E8%88%88%E8%AA%A0%E9%85%B8%E4%BB%96%E4%B8%8D%E6%95%A2%E8%BE%AF%E8%AB%96-%E8%94%A3%E8%90%AC%E5%AE%89%E5%9B%9E-%E6%9C%80%E6%80%95%E8%B7%9F%E5%A5%B9%E8%BE%AF-133133707.html,今日新聞NOWNEWS,聯電創辦人曹興誠公開力挺民進黨立委沈伯洋參選2026台北市長，稱其為「不二人選」，並暗諷蔣萬安不敢與沈伯洋辯論。蔣萬安則以幽默回應，並轉移焦點至市政建設，強調與李四川的合作政績，重申將持續攜手合作。,"曹興誠,沈伯洋,蔣萬安,李四川,NVIDIA,江啟臣",True
曹興誠酸他不敢辯論！蔣萬安回：最怕跟她辯,https://tw.news.yahoo.com/%E6%9B%B9%E8%88%88%E8%AA%A0%E9%85%B8%E4%BB%96%E4%B8%8D%E6%95%A2%E8%BE%AF%E8%AB%96-%E8%94%A3%E8%90%AC%E5%AE%89%E5%9B%9E-%E6%9C%80%E6%80%95%E8%B7%9F%E5%A5%B9%E8%BE%AF-133133707.html,今日新聞NOWNEWS,聯電創辦人曹興誠公開力挺民進黨立委沈伯洋參選2026台北市長，稱其為「不二人選」，並暗諷蔣萬安不敢與沈伯洋辯論。蔣萬安則以幽默回應，並轉移焦點至市政建設，強調與李四川的合作政績，重申將持續攜手合作。,"曹興誠,沈伯洋,蔣萬安,李四川,NVIDIA,江啟臣",True
直擊》蕭煌奇才剛新婚突爆調情《一級棒》女星「幫妳放熱水」,https://tw.news.yahoo.com/%E7%9B%B4%E6%93%8A-%E8%95%AD%E7%85%8C%E5%A5%87%E6%89%8D%E5%89%9B%E6%96%B0%E5%A9%9A%E7%AA%81%E7%88%86%E8%AA%BF%E6%83%85-%E7%B4%9A%E6%A3%92-%E5%A5%B3%E6%98%9F-%E5%B9%AB%E5%A6%B3%E6%94%BE%E7%86%B1%E6%B0%B4-132234213.html,中時新聞網,陳怡婷在台北國際會議中心舉辦「歌之饗宴15一路上的愛呀！陳怡婷演唱會」，康康、蕭煌奇擔任嘉賓。兩人台上互動幽默，蕭煌奇自嘲結婚後不能與陳怡婷「在一起」，並稱讚陳怡婷唱歌好、人漂亮，引發現場笑聲不斷。陳怡婷將蕭煌奇視為偶像。,"陳怡婷,康康,蕭煌奇,周董,田馥甄,吳姍儒,徐若熙,林俊傑",True
《你好，我是誰》揭露失智照護辛酸　「燒焦爐火」驚見獨居風險,https://tw.news.yahoo.com/%E4%BD%A0%E5%A5%BD-%E6%88%91%E6%98%AF%E8%AA%B0-%E6%8F%AD%E9%9C%B2%E5%A4%B1%E6%99%BA%E7%85%A7%E8%AD%B7%E8%BE%9B%E9%85%B8-%E7%87%92%E7%84%A6%E7%88%90%E7%81%AB-%E9%A9%9A%E8%A6%8B%E7%8D%A8%E5%B1%85%E9%A2%A8%E9%9A%AA-132228436.html,民視,民視大愛劇《你好，我是誰》第4集深入探討失智症家庭在長照上的困境與心理調適。劇情以寫實手法呈現失智症患者的獨居風險、情緒管理及家庭關係的掙扎，並強調專業系統介入和家屬心理調適的重要性，呼籲社會重視失智議題。,"陳淑芳,寇世勳,丁強,蘇炳憲,田家達,傅小芸,李武雄,高山峰",True
TPE48見面會6組人馬大亂鬥　私下「最計較」這點,https://tw.news.yahoo.com/tpe48%E8%A6%8B%E9%9D%A2%E6%9C%836%E7%B5%84%E4%BA%BA%E9%A6%AC%E5%A4%A7%E4%BA%82%E9%AC%A5-%E7%A7%81%E4%B8%8B-%E6%9C%80%E8%A8%88%E8%BC%83-%E9%80%99%E9%BB%9E-132200534.html,緯來新聞網,女團TPE48近期人氣飆升，單曲銷量突破萬張，宣布將舉辦《期別 Fan Meeting》，以期別分組接力登台呈現成長史。成員們展現佛系態度，強調團隊感情，但也表示會努力拼搏。見面會將於5月8日至9日舉行，售票資訊已公布。,"TPE48,張羽翎,林于馨,林易沄,蔡伊柔,蔡亞恩,劉曉晴,張少瞳,胡詠晴,楊亞芸,許淳媛,蔡亞恩,163 braces,小S,B2",True
周深爆發力驚人！《奔跑吧》過肩摔范丞丞　謝依霖驚呆：他真的很能撐,https://tw.news.yahoo.com/%E5%91%A8%E6%B7%B1%E7%88%86%E7%99%BC%E5%8A%9B%E9%A9%9A%E4%BA%BA-%E5%A5%94%E8%B7%91%E5%90%A7-%E9%81%8E%E8%82%A9%E6%91%94%E8%8C%83%E4%B8%9E%E4%B8%9E-%E8%AC%9D%E4%BE%9D%E9%9C%96%E9%A9%9A%E5%91%86-%E4%BB%96%E7%9C%9F%E7%9A%84%E5%BE%88%E8%83%BD%E6%92%90-132000878.html,鏡報,綜藝節目《奔跑吧》第13季將於4月18日在中天綜合台播出，本季成員包括李晨、鄭愷、沙溢、白鹿、周深、范丞丞、宋雨琦、張真源、孟子義、李昀銳。來賓謝依霖分享錄影趣事，特別驚訝周深在節目中展現的爆發力與體力，並表示節目能長壽的關鍵在於其真實性。,"李晨,鄭愷,沙溢,白鹿,周深,范丞丞,宋雨琦,張真源,孟子義,李昀銳,謝依霖",False
剛看完電影　「蔡英文被狗狗包圍」畫面曝光：差點走不出去,https://tw.news.yahoo.com/%E5%89%9B%E7%9C%8B%E5%AE%8C%E9%9B%BB%E5%BD%B1-%E8%94%A1%E8%8B%B1%E6%96%87%E8%A2%AB%E7%8B%97%E7%8B%97%E5%8C%85%E5%9C%8D-%E7%95%AB%E9%9D%A2%E6%9B%9D%E5%85%89-%E7%B6%B2%E9%A9%9A-%E6%A0%B9%E6%9C%AC%E4%BB%99%E6%9D%9C%E7%91%9E%E6%8B%89-131800270.html,三立新聞網 setn.com,蔡英文前總統觀賞電影《傳奇女伶高菊花》後，在Threads分享被狗狗包圍的趣事，引發網友熱議。她也出席國際扶輪社年會，強調台灣面對中東局勢展現民主韌性。此外，新聞也提及台股表現及相關政治人物的活動。,"蔡英文,高菊花,高一生,賴清德,廖人帥,谷立言,國際扶輪社",False
被逼吞X拍私密片！24歲嫂首發聲護JISOO　痛訴她親哥變態惡行：下體發炎還迫肛交,https://tw.news.yahoo.com/%E8%A2%AB%E9%80%BC%E5%90%9Ex%E6%8B%8D%E7%A7%81%E5%AF%86%E7%89%87-24%E6%AD%B2%E5%AB%82%E9%A6%96%E7%99%BC%E8%81%B2%E8%AD%B7jisoo-%E7%97%9B%E8%A8%B4%E5%A5%B9%E8%A6%AA%E5%93%A5%E8%AE%8A%E6%85%8B%E6%83%A1%E8%A1%8C-%E4%B8%8B%E9%AB%94%E7%99%BC%E7%82%8E%E9%82%84%E8%BF%AB%E8%82%9B%E4%BA%A4-131800651.html,鏡週刊Mirror Media,BLACKPINK成員JISOO的親哥哥金政勳被指控對妻子施暴、精神控制，甚至涉及性侵。受害妻子公開血淚陳述，揭露金政勳的惡行，並為JISOO緩頰，強調JISOO對此不知情，呼籲停止對JISOO的攻擊。事件在南韓及全球粉絲圈引發譁然。,"JISOO, 金智秀, 金政勳, BLACKPINK",True
戲巢藝術館開幕「煏桌」孫翠鳳新書戲迷要把握免費參觀,https://tw.news.yahoo.com/%E6%88%B2%E5%B7%A2%E8%97%9D%E8%A1%93%E9%A4%A8%E9%96%8B%E5%B9%95-%E7%85%8F%E6%A1%8C-%E5%AD%AB%E7%BF%A0%E9%B3%B3%E6%96%B0%E6%9B%B8%E6%88%B2%E8%BF%B7%E8%A6%81%E6%8A%8A%E6%8F%A1%E5%85%8D%E8%B2%BB%E5%8F%83%E8%A7%80-131458288.html,自由時報,明華園戲劇總團在台南「戲巢藝術館」盛大開幕，吸引大批民眾參觀。館內展示明華園自1982年以來的戲劇文本作品，以及孫翠鳳的新書與歷年戲服。開幕首日人潮爆滿，未來將調整空間配置。開幕期間最後一天(19日)免費開放參觀。,"洪瑞琴,明華園戲劇總團,陳昭賢,孫翠鳳",True
沒錢繳停車費找路人借！身分曝光竟是超正女歌手,https://tw.news.yahoo.com/%E6%B2%92%E9%8C%A2%E7%B9%B3%E5%81%9C%E8%BB%8A%E8%B2%BB%E6%89%BE%E8%B7%AF%E4%BA%BA%E5%80%9F-%E8%BA%AB%E5%88%86%E6%9B%9D%E5%85%89%E7%AB%9F%E6%98%AF%E8%B6%85%E6%AD%A3%E5%A5%B3%E6%AD%8C%E6%89%8B-130800429.html,緯來新聞網,張語噥推出新歌〈餘額不足〉，歌曲描寫情感在「還在」與「撐不下去」之間的掙扎，講述關係逐漸消耗殆盡的狀態。她分享自己曾因沒帶現金繳停車費，鼓起勇氣向路人借錢的經歷，並以「藍咖」諧音「爛咖」形容歌曲贈予不值得的人。,"張語噥,陶喆",True
胡瓜揭「鑽石舞台」幕後秘辛！余天闊別多年登台　談兒子余祥銓滿臉欣慰,https://tw.news.yahoo.com/%E8%83%A1%E7%93%9C%E6%8F%AD-%E9%91%BD%E7%9F%B3%E8%88%9E%E5%8F%B0-%E5%B9%95%E5%BE%8C%E7%A7%98%E8%BE%9B-%E4%BD%99%E5%A4%A9%E9%97%8A%E5%88%A5%E5%A4%9A%E5%B9%B4%E7%99%BB%E5%8F%B0-%E8%AB%87%E5%85%92%E5%AD%90%E4%BD%99%E7%A5%A5%E9%8A%93%E6%BB%BF%E8%87%89%E6%AC%A3%E6%85%B0-130600940.html,鏡報,胡瓜的YouTube頻道《下面一位》記錄了「鑽石舞台之夜」幕後籌備過程，匯集多位演藝圈大咖。余天為慈善公益演出，對兒子余祥銓的成就感到欣慰。王彩樺分享早期演藝生涯的辛酸，蕭敬騰義氣相挺。胡瓜表示希望傳承台灣演藝才華。,"胡瓜,余天,余祥銓,王彩樺,蕭敬騰,Jisoo,朴美善,鍾漢良,黃石熙",True
